original_file,converted_file,extracted_text
"Clark, Katherine M._2024_313_MissingLegs.pdf","Clark, Katherine M._2024_313_MissingLegs.pdf","Hello Jon,
Election day is over. In January, America will swear in President-elect Trump and
a Republican Congress.
As your Representative and a member of House leadership, I want to make clear
my commitment to you: building an economy where everyone has a fair shot
at success ‚Äî good pay and secure benefits; affordable housing, health care,
and child care; and the guarantee of a hard-earned, dignified retirement.
I will extend the hand of bipartisanship to anyone willing to improve the
lives of everyday Americans, and will fight any attempt to drain the wages of
working people into the pockets of billionaires.¬†I will use every tool at my disposal
to defend Americans‚Äô fundamental freedoms, including the right to make health
care decisions in consultation with your family, your doctors, and your faith ‚Äî not
with politicians.
There is a lot of work ahead of us. I want to hear from you:
WHAT ARE YOU MOST
CONCERNED ABOUT?
From: ""Congresswoman Katherine Clark""<MA05KCIMA@mail.house.gov>
Subject: Moving Forward
¬†

Please know that I will never lose sight of our shared values and will always work
to advance America‚Äôs promise of opportunity and freedom for all.
Sincerely,
Congresswoman Katherine Clark
Democratic Whip
*It is my job to listen to Massachusetts families and my constituents ‚Äî please take my survey to let me know your views and opt-in to my email newsletter so you can
recieve updates on my work in Washington. You can also subscribe¬†or unsubscribe by clicking the links. If you'd like to send me a longer message with your opinion,
please go to my website, where you can also request casework help, learn about new legislation, and get information about resources available to you.
"
"M_M_Arman_Hossain,.pdf","M_M_Arman_Hossain,.pdf","‚Ä≠M M Arman Hossain‚Ä¨
‚Ä≠Web & Machine Learning enthusiast | AI Agent Developer‚Ä¨
‚Ä≠WORKING EXPERIENCE‚Ä¨
‚Ä≠British Council, Bangladesh -‚Ä¨‚Ä≠Application Developer‚Ä¨
‚Ä≠March 2024 -‚Ä¨
‚Ä≠Worked on‚Ä¨‚Ä≠:‚Ä¨
‚Ä≠The‚Ä¨‚Ä≠Exam Seat Planner System‚Ä¨ ‚Ä≠- automates the seating‚Ä¨‚Ä≠arrangement‚Ä¨
‚Ä≠process for exams. It uses structured data (seat planner data, seat locators,‚Ä¨
‚Ä≠and a seat planning layout) to organize and assign candidate seats within‚Ä¨
‚Ä≠exam rooms. Users can upload the necessary data files, select a date and‚Ä¨
‚Ä≠session, and generate a seating plan in just a few clicks.‚Ä¨
‚Ä≠AI Finance Accountant Agent‚Ä¨‚Ä≠-‚Ä¨‚Ä≠which is  a modular‚Ä¨‚Ä≠AI agent that‚Ä¨
‚Ä≠accepts voice commands, processes them into financial operations (e.g.,‚Ä¨
‚Ä≠checking expenses, generating reports), and performs appropriate API‚Ä¨
‚Ä≠calls using a RAG (Retrieval-Augmented Generation) architecture.‚Ä¨
‚Ä≠Sicunet Inc. -‚Ä¨‚Ä≠Software Engineer‚Ä¨
‚Ä≠Dec, 2022 - Feb, 2024‚Ä¨
‚Ä≠Worked on‚Ä¨‚Ä≠:‚Ä¨
‚Ä≠Developed their internal Software by using Python Django Rest‚Ä¨
‚Ä≠Framework, Fast Api as Software Engineer  Team Lead.‚Ä¨
‚Ä≠GProjukti.com Ltd, Dhaka -‚Ä¨‚Ä≠Python Developer‚Ä¨
‚Ä≠July  2022 -Nov, 2022‚Ä¨
‚Ä≠Worked on‚Ä¨‚Ä≠:‚Ä¨
‚Ä≠E-Commerce:‚Ä¨‚Ä≠Web Application development using Python‚Ä¨‚Ä≠django rest‚Ä¨
‚Ä≠framework, PostgreSQL, Docker also Deployed whole project Digitalocean‚Ä¨
‚Ä≠Cloud Server.‚Ä¨
‚Ä≠Point of Sale:‚Ä¨‚Ä≠Database Design and Implement Backend‚Ä¨‚Ä≠API with RBAC‚Ä¨
‚Ä≠and Authentication(JWT, OAuth)  using Django Rest‚Ä¨
‚Ä≠Framework‚Ä¨
‚Ä≠BengalDots Inc,‚Ä¨‚Ä≠Canada ‚Äî‚Ä¨‚Ä≠MLOps Engineer‚Ä¨‚Ä≠(Intern)‚Ä¨
‚Ä≠Feb 2022  - June, 2022‚Ä¨
‚Ä≠Worked with  ML Pipeline, Data Pipeline, Azure and also deployed a‚Ä¨
‚Ä≠python based website with django web framework .‚Ä¨
‚Ä≠RESEARCH EXPERIENCE‚Ä¨
‚Ä≠Optimizing Exam Logistics: A seat Locator-Based Automation‚Ä¨
‚Ä≠Approach for Exam Desk Card Generation.‚Ä¨
‚Ä≠Track Name: ICRPSET2024‚Ä¨
‚Ä≠Embedded Systems-Based AC Device Controller.‚Ä¨
‚Ä≠Email‚Ä¨‚Ä≠:‚Ä¨‚Ä≠armanicepust9@gmail.com‚Ä¨
‚Ä≠Mobile No:‚Ä¨‚Ä≠+8801811302984‚Ä¨
‚Ä≠Portfolio Link:‚Ä¨ ‚Ä≠Arman_Dev‚Ä¨
‚Ä≠SKILLS‚Ä¨
‚Ä≠Programming Language‚Ä¨‚Ä≠:‚Ä¨
‚Ä≠Python‚Ä¨‚Ä≠| C Programming | PHP‚Ä¨
‚Ä≠JavaScript |‚Ä¨‚Ä≠TypeScript‚Ä¨‚Ä≠| SQL‚Ä¨
‚Ä≠PostgreSQL‚Ä¨‚Ä≠| MySQL | MongoDB‚Ä¨
‚Ä≠Software Development & Automation:‚Ä¨
‚Ä≠Django‚Ä¨ ‚Ä≠|‚Ä¨ ‚Ä≠Django‚Ä¨‚Ä≠Rest‚Ä¨‚Ä≠Framework‚Ä¨‚Ä≠|Flask‚Ä¨
‚Ä≠Fast‚Ä¨ ‚Ä≠API‚Ä¨ ‚Ä≠|Laravel‚Ä¨ ‚Ä≠|‚Ä¨ ‚Ä≠HTML‚Ä¨ ‚Ä≠|‚Ä¨‚Ä≠CSS‚Ä¨‚Ä≠|NextJS‚Ä¨
‚Ä≠Tailwind‚Ä¨‚Ä≠CSS‚Ä¨‚Ä≠|‚Ä¨‚Ä≠Material‚Ä¨‚Ä≠UI|‚Ä¨‚Ä≠Shadcn‚Ä¨‚Ä≠-‚Ä¨‚Ä≠UI‚Ä¨‚Ä≠|‚Ä¨
‚Ä≠TKinter‚Ä¨
‚Ä≠|‚Ä¨
‚Ä≠pyQT5‚Ä¨
‚Ä≠|‚Ä¨
‚Ä≠OpenpyXL|‚Ä¨
‚Ä≠Arduino|ESP-32 |Raspberry pi‚Ä¨
‚Ä≠‚Äã‚Ä¨‚Ä≠AI, Machine Learning & Deep Learning:‚Ä¨
‚Ä≠‚Äã‚Ä¨‚Ä≠Tensorflow | Keras | CNN | Regression |‚Ä¨
‚Ä≠Opencv-python | PyTorch | LLM | AI‚Ä¨
‚Ä≠Agent |¬†OpenAI API| RAG | LangChain‚Ä¨
‚Ä≠Version Control & Deployment Area:‚Ä¨
‚Ä≠Github | Docker |  Linux |  VPS | c-panel |‚Ä¨
‚Ä≠AWS(S3, EC2) | Jira‚Ä¨
‚Ä≠PROJECTS‚Ä¨
‚Ä≠AI Finance Accountant Agent‚Ä¨‚Ä≠-‚Ä¨‚Ä≠Build‚Ä¨
‚Ä≠a modular AI agent using Django (for API‚Ä¨
‚Ä≠backend),  Whisper (for voice-to-text)‚Ä¨
‚Ä≠LangChain + FAISS (for RAG and intent‚Ä¨
‚Ä≠parsing) LLM (Open-source or GPT via‚Ä¨
‚Ä≠API) (for reasoning)‚Ä¨
‚Ä≠Seat Planner System‚Ä¨‚Ä≠-‚Ä¨‚Ä≠The Exam Seat‚Ä¨
‚Ä≠Planner System is a Desktop Application‚Ä¨
‚Ä≠which  uses Python, PyQT5, Openpyxl,‚Ä¨
‚Ä≠Pandas‚Ä¨
‚Ä≠AI-Powered Drug Interaction & Side‚Ä¨
‚Ä≠Effect Checker‚Ä¨‚Ä≠- The AI-Powered Drug‚Ä¨
‚Ä≠Interaction & Side Effect Checker is an‚Ä¨

‚Ä≠Track Name: ICRPSET2024‚Ä¨
‚Ä≠ICE Research Lab,‚Ä¨‚Ä≠PUST, Pabna ‚Äî Research Assistant‚Ä¨
‚Ä≠Dec. 2020 - May 2021‚Ä¨
‚Ä≠Supervised by‚Ä¨
‚Ä≠Dr. Md. Imran Hossain‚Ä¨
‚Ä≠Associate Professor‚Ä¨
‚Ä≠Dept of ICE, PUST‚Ä¨
‚Ä≠Information and Communication Engineering Department Research‚Ä¨
‚Ä≠Lab worked on‚Ä¨
‚Ä≠AI Based Baby Nursing Robot Project‚Ä¨
‚Ä≠‚óè‚Ä¨
‚Ä≠Baby Rocking System‚Ä¨
‚Ä≠‚óè‚Ä¨
‚Ä≠Cry Detection using Artificial Intelligence‚Ä¨
‚Ä≠‚óè‚Ä¨
‚Ä≠Baby Entertainment using Raspberry pi & TFT  Display‚Ä¨
‚Ä≠‚óè‚Ä¨
‚Ä≠Urine Detection and Automatic Phone Call Generation‚Ä¨
‚Ä≠EDUCATION‚Ä¨
‚Ä≠Pabna University of Science and Technology,‚Ä¨‚Ä≠Pabna ‚Äî‚Ä¨‚Ä≠B.Sc in‚Ä¨
‚Ä≠Information and Communication Engineering‚Ä¨
‚Ä≠I have completed my B.Sc. in ICE degree with CGPA - 3.04 out of 4.00‚Ä¨
‚Ä≠Navaganga Degree College,‚Ä¨‚Ä≠Narail ‚Äî‚Ä¨‚Ä≠Higher Secondary‚Ä¨‚Ä≠Certificate‚Ä¨
‚Ä≠I have completed my Higher Secondary degree with a GPA of 4.58 out‚Ä¨
‚Ä≠of 5.00 in the Science Group.‚Ä¨
‚Ä≠Lohagara Govt. Pilot High School,‚Ä¨‚Ä≠Narail ‚Äî‚Ä¨‚Ä≠Secondary‚Ä¨‚Ä≠School‚Ä¨
‚Ä≠Certificate‚Ä¨
‚Ä≠I have completed my Secondary School Degree with a GPA of 5.00 out‚Ä¨
‚Ä≠of 5.00 in the Science Group.‚Ä¨
‚Ä≠CERTIFICATIONs‚Ä¨
‚Ä≠Year‚Ä¨
‚Ä≠Course Title‚Ä¨
‚Ä≠Instructor Name‚Ä¨
‚Ä≠Platform‚Ä¨
‚Ä≠2025‚Ä¨
‚Ä≠AI Agent Development‚Ä¨
‚Ä≠Bootcamp for Programmers‚Ä¨
‚Ä≠Rafit Jahan Azad‚Ä¨
‚Ä≠Ostad‚Ä¨
‚Ä≠2024‚Ä¨
‚Ä≠Welcome to the ü§ó AI Agents‚Ä¨
‚Ä≠Course‚Ä¨
‚Ä≠-‚Ä¨
‚Ä≠Hugging Face‚Ä¨
‚Ä≠2021‚Ä¨
‚Ä≠Cloud Computing with AWS‚Ä¨
‚Ä≠Sudipta Ghosh‚Ä¨
‚Ä≠Bohubrihi‚Ä¨
‚Ä≠2020‚Ä¨
‚Ä≠Full Stack Development with‚Ä¨
‚Ä≠React + Django‚Ä¨
‚Ä≠Shimanto Paul‚Ä¨
‚Ä≠Bohubrihi‚Ä¨
‚Ä≠2023‚Ä¨
‚Ä≠Mastering on Next JS & Prisma‚Ä¨
‚Ä≠Rabbil Hasan‚Ä¨
‚Ä≠Ostad‚Ä¨
‚Ä≠2024‚Ä¨
‚Ä≠The British Council Mandatory‚Ä¨
‚Ä≠Training Information‚Ä¨
‚Ä≠Management‚Ä¨
‚Ä≠Janam Abid‚Ä¨
‚Ä≠British Council‚Ä¨
‚Ä≠intelligent healthcare solution designed‚Ä¨
‚Ä≠to enhance medication safety.‚Ä¨
‚Ä≠Tonni‚Äôs Kitchen.com‚Ä¨‚Ä≠-‚Ä¨
‚Ä≠-  Is an Invoice  Management Site where‚Ä¨
‚Ä≠worked  with django core, Bulma, MySQL‚Ä¨
‚Ä≠and deployed on namecheap c-panel.‚Ä¨
‚Ä≠Z‚Ä¨‚Ä≠onesparks.com‚Ä¨‚Ä≠‚Äî‚Ä¨
‚Ä≠-  Is an E-Commerce Site which  is‚Ä¨
‚Ä≠developed by using django rest‚Ä¨
‚Ä≠framework, ReactJS, PostgreSQL on the‚Ä¨
‚Ä≠VPS Server‚Ä¨
‚Ä≠CM-Inventory‚Ä¨‚Ä≠‚Äî‚Ä¨
‚Ä≠- An Inventory Management‚Ä¨
‚Ä≠System for Cotton Muslin international‚Ä¨
‚Ä≠Ltd, Worked on Django, MySQL,‚Ä¨
‚Ä≠Javascript‚Ä¨
‚Ä≠OPEN SOURCE PROJECT:‚Ä¨
‚Ä≠www.devsonket.com‚Ä¨‚Ä≠-‚Ä¨‚Ä≠‡¶¨‡¶æ‡¶Ç‡¶≤‡¶æ‚Ä¨
‚Ä≠‡¶°‡ßá‡¶≠‡ßá‡¶≤‡¶™‡¶æ‡¶∞ ‡¶ö‡¶ø‡¶ü‡¶∂‡¶ø‡¶ü‚Ä¨
‚Ä≠‚Äã‚Ä¨‚Ä≠VOLUNTEERING‚Ä¨
‚Ä≠Webmaster‚Ä¨ ‚Ä≠- IEEE PUST Unit Branch‚Ä¨
‚Ä≠Janu,2021 ‚Äì March,2022‚Ä¨
‚Ä≠Secretary‚Ä¨‚Ä≠-‚Ä¨‚Ä≠PUST Higher Study Association‚Ä¨
‚Ä≠April,2021 ‚Äì May,2022‚Ä¨
‚Ä≠Career & Professional Skill‚Ä¨
‚Ä≠Development Lead‚Ä¨‚Ä≠- ESAB PUST Unit‚Ä¨
‚Ä≠Face.‚Ä¨
‚Ä≠Janu,2021 ‚Äì March,2022.‚Ä¨
‚Ä≠IMPORTANT LINKS‚Ä¨
‚Ä≠GitHub:‚Ä¨‚Ä≠Arman170616‚Ä¨
‚Ä≠Hackerrank link:‚Ä¨‚Ä≠armanice09‚Ä¨
‚Ä≠Linkedin:‚Ä¨‚Ä≠in/arman-170616/‚Ä¨
‚Ä≠Kaggle:‚Ä¨‚Ä≠kaggle.com/arman170616‚Ä¨
‚Ä≠RECOMMENDATIONS‚Ä¨
‚Ä≠Dr. Md. Imran Hossain‚Ä¨
‚Ä≠Associate Professor‚Ä¨
‚Ä≠Dept of ICE, PUST‚Ä¨
‚Ä≠Email:‚Ä¨ ‚Ä≠imran05ice@pust.ac.bd‚Ä¨
"
